0,1678885240214,/aggregate-stats/801,268,ok,200
1,1678885241212,/aggregate-stats/315,1,ok,200
2,1678885242212,/aggregate-stats/341,1,ok,200
3,1678885243214,/aggregate-stats/749,1,ok,200
4,1678885244214,/aggregate-stats/353,1,ok,200
5,1678885245228,/orders,2165,ok,200
6,1678885246216,/aggregate-stats/171,1177,ok,200
7,1678885247218,/orders,2216,ok,200
8,1678885248218,/orders,3250,ok,200
900000005,1678885248854,/order/5/payment-callback',3025,ok,200
900000008,1678885251345,/order/8/payment-callback',536,ok,200
9,1678885249220,/aggregate-stats/729,2661,ok,200
10,1678885250221,/orders,3695,ok,200
900000007,1678885251218,/order/7/payment-callback',2906,ok,200
11,1678885251221,/aggregate-stats/545,2906,ok,200
14,1678885254225,/aggregate-stats/483,1,ok,200
12,1678885252222,/orders,2025,ok,200
13,1678885253224,/aggregate-stats/565,1025,ok,200
900000010,1678885253847,/order/10/payment-callback',609,ok,200
15,1678885255225,/aggregate-stats/427,0,ok,200
900000012,1678885255848,/order/12/payment-callback',205,ok,200
16,1678885256226,/aggregate-stats/729,0,ok,200
17,1678885257227,/aggregate-stats/789,0,ok,200
18,1678885258228,/aggregate-stats/300,0,ok,200
19,1678885259230,/aggregate-stats/597,0,ok,200
20,1678885260231,/aggregate-stats/313,0,ok,200
21,1678885261232,/aggregate-stats/254,0,ok,200
22,1678885262232,/aggregate-stats/82,19,ok,200
23,1678885263234,/aggregate-stats/743,0,ok,200
24,1678885264234,/aggregate-stats/801,0,ok,200
25,1678885265235,/orders,2308,ok,200
27,1678885267238,/aggregate-stats/612,305,ok,200
28,1678885268238,/aggregate-stats/600,0,ok,200
900000025,1678885269111,/order/25/payment-callback',205,ok,200
29,1678885269239,/aggregate-stats/763,77,ok,200
26,1678885266236,/aggregate-stats/204,52791,ok,200
